Date,Ticker,Name,Close,Setup,Status,Entry_Low,Entry_High,Breakout_Trigger,Stop_Loss,Notes
2026-01-19,BTC-USD,Bitcoin,92749.656,Pullback (POTENZIALE),WAIT_MOMENTUM,91202.367,92741.699,99566.698,86152.52,"Bias: BULL (score 2-1) ADX strong; In pullback zone (d30=0.35ATR, d50=0.18ATR); RSI=52.5 (Down); Stoch trend=Down; MACDH trend=Down; Momentum: ALL DOWN (RSI+Stoch+MACDH) -> no confirm; Confirm flags: MACD>Signal; Azione: pullback POTENZIALE -> attendi base/turn (momentum) o breakout"
2026-01-19,STMMI.MI,Stmicroelectronics,23.15,Pullback (POTENZIALE),WAIT_MOMENTUM,22.824,23.294,25.234,21.133,"Bias: BULL (score 3-1) ADX strong; In pullback zone (d30=0.14ATR, d50=0.68ATR); RSI=49.9 (Down); Stoch trend=Down; MACDH trend=Down; Momentum: ALL DOWN (RSI+Stoch+MACDH) -> no confirm; Azione: pullback POTENZIALE -> attendi base/turn (momentum) o breakout"
2026-01-19,A2A.MI,A2A,2.478,Trend (no pullback) - range dip,HOLD,2.354,2.384,2.61,2.348,"Bias: BULL (score 4-0); Not in pullback zone (d30=2.53ATR, d50=2.77ATR); RSI=67.2 (Up); Stoch trend=Down; MACDH trend=Down; Momentum: some UP/turning; Confirm flags: SAR, MACD>Signal; Azione: non in pullback -> pianifica dip (EMA) o breakout trigger"
2026-01-19,AZM.MI,Azimut Holding,37.02,Trend (no pullback) - range dip,HOLD,35.638,36.104,39.085,35.022,"Bias: BULL (score 3-1); Not in pullback zone (d30=1.73ATR, d50=2.72ATR); RSI=64.6 (Down); Stoch trend=Up; MACDH trend=Down; Momentum: some UP/turning; Confirm flags: SAR, MACD>Signal; Azione: non in pullback -> pianifica dip (EMA) o breakout trigger"
2026-01-19,BMED.MI,Banca Mediolanum,19.51,Trend (no pullback) - range dip,HOLD,19.158,19.388,20.531,18.522,"Bias: BULL (score 3-1); Not in pullback zone (d30=0.72ATR, d50=1.93ATR); RSI=54.9 (Down); Stoch trend=Down; MACDH trend=Down; Momentum: ALL DOWN (RSI+Stoch+MACDH) -> no confirm; Azione: non in pullback -> pianifica dip (EMA) o breakout trigger"
2026-01-19,BPE.MI,Bper Banca,12.08,Trend (no pullback) - range dip,PREPARE,11.426,11.59,12.802,11.381,"Bias: BULL (score 3-1) ADX strong; Not in pullback zone (d30=2.45ATR, d50=4.18ATR); RSI=69.2 (Down); Stoch trend=Up; MACDH trend=Down; Momentum: some UP/turning; Azione: non in pullback -> pianifica dip (EMA) o breakout trigger"
2026-01-19,BPSO.MI,Bp Sondrio,17.4,Trend (no pullback) - range dip,PREPARE,16.423,16.665,18.477,16.358,"Bias: BULL (score 3-1) ADX strong; Not in pullback zone (d30=2.47ATR, d50=4.24ATR); RSI=69.1 (Down); Stoch trend=Up; MACDH trend=Down; Momentum: some UP/turning; Azione: non in pullback -> pianifica dip (EMA) o breakout trigger"
2026-01-19,CPR.MI,Campari,5.782,Trend (no pullback) - range dip,PREPARE,5.641,5.763,6.318,5.263,"Bias: BULL (score 2-1); Not in pullback zone (d30=0.46ATR, d50=0.36ATR); RSI=53.9 (Down); Stoch trend=Up; MACDH trend=Up; Momentum: some UP/turning; Confirm flags: SAR, MACD>Signal, MACDH Up; Azione: non in pullback -> pianifica dip (EMA) o breakout trigger"
2026-01-19,DIA.MI,Diasorin,74.86,Trend (no pullback) - range dip,HOLD,68.807,70.227,81.147,68.503,"Bias: BULL (score 3-1) ADX strong; Not in pullback zone (d30=2.63ATR, d50=2.83ATR); RSI=72.3 (Up); Stoch trend=Down; MACDH trend=Down; Momentum: some UP/turning; Confirm flags: MACD>Signal; Azione: non in pullback -> pianifica dip (EMA) o breakout trigger"
2026-01-19,ENEL.MI,Enel,9.125,Trend (no pullback) - range dip,HOLD,8.971,9.071,9.569,8.695,"Bias: BULL (score 3-1) ADX strong; Not in pullback zone (d30=0.73ATR, d50=1.61ATR); RSI=53.8 (Down); Stoch trend=Down; MACDH trend=Down; Momentum: ALL DOWN (RSI+Stoch+MACDH) -> no confirm; Confirm flags: MACD>Signal; Azione: non in pullback -> pianifica dip (EMA) o breakout trigger"
2026-01-19,ENI.MI,Eni,16.482,Trend (no pullback) - range dip,HOLD,16.061,16.257,17.352,15.64,"Bias: BULL (score 4-0); Not in pullback zone (d30=1.15ATR, d50=1.64ATR); RSI=56.4 (Down); Stoch trend=Down; MACDH trend=Down; Momentum: ALL DOWN (RSI+Stoch+MACDH) -> no confirm; Confirm flags: SAR, MACD>Signal; Azione: non in pullback -> pianifica dip (EMA) o breakout trigger"
2026-01-19,ETH-USD,Etherium,3207.962,Trend (no pullback) - range dip,HOLD,3121.433,3194.681,3532.345,2894.043,"Bias: BULL (score 3-0) ADX strong; Not in pullback zone (d30=0.48ATR, d50=0.41ATR); RSI=53.3 (Down); Stoch trend=Down; MACDH trend=Down; Momentum: ALL DOWN (RSI+Stoch+MACDH) -> no confirm; Confirm flags: SAR, MACD>Signal; Azione: non in pullback -> pianifica dip (EMA) o breakout trigger"
2026-01-19,HER.MI,Hera,4.258,Trend (no pullback) - range dip,HOLD,4.062,4.108,4.466,4.052,"Bias: BULL (score 3-1); Not in pullback zone (d30=2.58ATR, d50=3.13ATR); RSI=66.9 (Up); Stoch trend=Up; MACDH trend=Up; Momentum: some UP/turning; Confirm flags: SAR, MACD>Signal, MACDH Up; Azione: non in pullback -> pianifica dip (EMA) o breakout trigger"
2026-01-19,IVG.MI,Iveco Grp,18.875,Trend (no pullback) - range dip,HOLD,18.723,18.771,19.087,18.67,"Bias: BULL (score 4-0) ADX strong; Not in pullback zone (d30=1.88ATR, d50=3.37ATR); RSI=71.8 (Down); Stoch trend=Down; MACDH trend=Down; Momentum: ALL DOWN (RSI+Stoch+MACDH) -> no confirm; Confirm flags: SAR; Azione: non in pullback -> pianifica dip (EMA) o breakout trigger"
2026-01-19,LDO.MI,Leonardo,60.14,Trend (no pullback) - range dip,PREPARE,52.952,54.144,65.419,52.696,"Bias: BULL (score 4-0) ADX strong; Not in pullback zone (d30=3.87ATR, d50=4.70ATR); RSI=76.8 (Up); Stoch trend=Up; MACDH trend=Down; Momentum: some UP/turning; Confirm flags: SAR, MACD>Signal; Azione: non in pullback -> pianifica dip (EMA) o breakout trigger"
2026-01-19,PIRC.MI,Pirelli & C.,6.316,Trend (no pullback) - range dip,HOLD,6.063,6.145,6.682,5.962,"Bias: BULL (score 4-0) ADX strong; Not in pullback zone (d30=1.80ATR, d50=2.14ATR); RSI=64.2 (Down); Stoch trend=Down; MACDH trend=Down; Momentum: ALL DOWN (RSI+Stoch+MACDH) -> no confirm; Confirm flags: SAR, MACD>Signal; Azione: non in pullback -> pianifica dip (EMA) o breakout trigger"
2026-01-19,PRY.MI,Prysmian,93.44,Trend (no pullback) - range dip,HOLD,86.991,88.915,101.963,85.192,"Bias: BULL (score 3-1); Not in pullback zone (d30=2.00ATR, d50=2.46ATR); RSI=61.6 (Down); Stoch trend=Up; MACDH trend=Up; Momentum: some UP/turning; Confirm flags: SAR, MACD>Signal, MACDH Up; Azione: non in pullback -> pianifica dip (EMA) o breakout trigger"
2026-01-19,SPM.MI,Saipem,2.671,Trend (no pullback) - range dip,HOLD,2.493,2.537,2.869,2.479,"Bias: BULL (score 4-0) ADX strong; Not in pullback zone (d30=2.44ATR, d50=3.27ATR); RSI=63.9 (Down); Stoch trend=Down; MACDH trend=Down; Momentum: ALL DOWN (RSI+Stoch+MACDH) -> no confirm; Confirm flags: SAR, MACD>Signal; Azione: non in pullback -> pianifica dip (EMA) o breakout trigger"
2026-01-19,TEN.MI,Tenaris,17.93,Trend (no pullback) - range dip,HOLD,17.127,17.379,19.045,16.851,"Bias: BULL (score 4-0); Not in pullback zone (d30=1.88ATR, d50=2.46ATR); RSI=61.7 (Down); Stoch trend=Down; MACDH trend=Down; Momentum: ALL DOWN (RSI+Stoch+MACDH) -> no confirm; Confirm flags: SAR, MACD>Signal; Azione: non in pullback -> pianifica dip (EMA) o breakout trigger"
2026-01-19,TIT.MI,Telecom Italia,0.569,Trend (no pullback) - range dip,HOLD,0.518,0.528,0.615,0.516,"Bias: BULL (score 4-0) ADX strong; Not in pullback zone (d30=3.07ATR, d50=3.87ATR); RSI=71.5 (Down); Stoch trend=Down; MACDH trend=Down; Momentum: ALL DOWN (RSI+Stoch+MACDH) -> no confirm; Confirm flags: SAR, MACD>Signal; Azione: non in pullback -> pianifica dip (EMA) o breakout trigger"
2026-01-19,UCG.MI,Unicredit,71.57,Trend (no pullback) - range dip,PREPARE,69.124,69.982,75.368,67.895,"Bias: BULL (score 4-0) ADX strong; Not in pullback zone (d30=1.65ATR, d50=2.76ATR); RSI=61.6 (Down); Stoch trend=Up; MACDH trend=Down; Momentum: some UP/turning; Confirm flags: SAR; Azione: non in pullback -> pianifica dip (EMA) o breakout trigger"
2026-01-19,BMPS.MI,Banca Mps Raggr,8.888,Breakout,HOLD,8.681,8.849,9.633,8.167,"Bias: NEUTRAL (score 2-2); Not in pullback zone (d30=0.51ATR, d50=1.48ATR); RSI=52.2 (Up); Stoch trend=Down; MACDH trend=Down; Momentum: some UP/turning; Azione: non in pullback -> pianifica dip (EMA) o breakout trigger"
2026-01-19,ERG.MI,Erg,22.52,Breakout,HOLD,22.059,22.373,23.911,21.174,"Bias: NEUTRAL (score 2-2); Not in pullback zone (d30=0.68ATR, d50=1.00ATR); RSI=55.0 (Down); Stoch trend=Up; MACDH trend=Down; Momentum: some UP/turning; Confirm flags: MACD>Signal; Azione: non in pullback -> pianifica dip (EMA) o breakout trigger"
2026-01-19,FBK.MI,Finecobank,22.55,Breakout,PREPARE,21.806,22.092,23.815,21.326,"Bias: NEUTRAL (score 2-2); Not in pullback zone (d30=1.47ATR, d50=2.71ATR); RSI=61.6 (Down); Stoch trend=Up; MACDH trend=Down; Momentum: some UP/turning; Azione: non in pullback -> pianifica dip (EMA) o breakout trigger"
2026-01-19,IG.MI,Italgas,10.11,Breakout,PREPARE,9.651,9.807,10.805,9.437,"Bias: NEUTRAL (score 2-2); Not in pullback zone (d30=1.70ATR, d50=2.82ATR); RSI=61.0 (Down); Stoch trend=Up; MACDH trend=Down; Momentum: some UP/turning; Confirm flags: MACD>Signal; Azione: non in pullback -> pianifica dip (EMA) o breakout trigger"
2026-01-19,IP.MI,Interpump Group,46.84,Breakout,HOLD,45.823,46.523,49.937,43.843,"Bias: NEUTRAL (score 2-2); Not in pullback zone (d30=0.67ATR, d50=1.67ATR); RSI=53.5 (Down); Stoch trend=Down; MACDH trend=Down; Momentum: ALL DOWN (RSI+Stoch+MACDH) -> no confirm; Confirm flags: SAR; Azione: non in pullback -> pianifica dip (EMA) o breakout trigger"
2026-01-19,ISP.MI,Intesa Sanpaolo,5.898,Breakout,HOLD,5.826,5.886,6.164,5.641,"Bias: NEUTRAL (score 2-2); Not in pullback zone (d30=0.49ATR, d50=1.37ATR); RSI=52.5 (Down); Stoch trend=Down; MACDH trend=Down; Momentum: ALL DOWN (RSI+Stoch+MACDH) -> no confirm; Azione: non in pullback -> pianifica dip (EMA) o breakout trigger"
2026-01-19,PST.MI,Poste Italiane,22.0,Breakout,PREPARE,21.456,21.662,22.914,21.116,"Bias: NEUTRAL (score 2-2); Not in pullback zone (d30=1.49ATR, d50=2.53ATR); RSI=59.8 (Down); Stoch trend=Up; MACDH trend=Down; Momentum: some UP/turning; Azione: non in pullback -> pianifica dip (EMA) o breakout trigger"
2026-01-19,SRG.MI,Snam,5.796,Breakout,PREPARE,5.68,5.74,6.064,5.537,"Bias: NEUTRAL (score 2-2); Not in pullback zone (d30=1.00ATR, d50=1.84ATR); RSI=56.1 (Down); Stoch trend=Down; MACDH trend=Down; Momentum: ALL DOWN (RSI+Stoch+MACDH) -> no confirm; Confirm flags: MACD>Signal; Azione: non in pullback -> pianifica dip (EMA) o breakout trigger"
2026-01-19,TRN.MI,Terna,9.272,Breakout,HOLD,9.058,9.146,9.667,8.89,"Bias: NEUTRAL (score 2-2); Not in pullback zone (d30=1.34ATR, d50=1.86ATR); RSI=58.2 (Up); Stoch trend=Up; MACDH trend=Down; Momentum: some UP/turning; Confirm flags: MACD>Signal; Azione: non in pullback -> pianifica dip (EMA) o breakout trigger"
2026-01-19,Uni.MI,Unipol,20.27,Breakout,PREPARE,19.942,20.19,21.366,19.209,"Bias: NEUTRAL (score 2-2); Not in pullback zone (d30=0.58ATR, d50=1.43ATR); RSI=54.2 (Up); Stoch trend=Up; MACDH trend=Up; Momentum: some UP/turning; Confirm flags: MACDH Up; Azione: non in pullback -> pianifica dip (EMA) o breakout trigger"
2026-01-19,VOD.L,Vodafone,101.7,Breakout,PREPARE,97.372,99.01,108.95,94.684,"Bias: NEUTRAL (score 2-2); Not in pullback zone (d30=1.50ATR, d50=2.39ATR); RSI=63.2 (Up); Stoch trend=Up; MACDH trend=Up; Momentum: some UP/turning; Confirm flags: MACDH Up; Azione: non in pullback -> pianifica dip (EMA) o breakout trigger"
2026-01-19,ADA-USD,Cardano,0.369,Bear/Avoid,HOLD,,,,,"Bias: BEAR (score 1-3); Not in pullback zone (d30=1.15ATR, d50=2.10ATR); RSI=42.5 (Down); Stoch trend=Down; MACDH trend=Down; Momentum: ALL DOWN (RSI+Stoch+MACDH) -> no confirm; Stato BEAR -> evitare/gestire rischio"
2026-01-19,AMP.MI,Amplifon,13.025,Bear/Avoid,HOLD,,,,,"Bias: BEAR (score 0-4); Not in pullback zone (d30=1.72ATR, d50=2.17ATR); RSI=36.8 (Down); Stoch trend=Down; MACDH trend=Down; Momentum: ALL DOWN (RSI+Stoch+MACDH) -> no confirm; Stato BEAR -> evitare/gestire rischio"
2026-01-19,BAMI.MI,Banco Bpm,12.705,Bear/Avoid,HOLD,,,,,"Bias: BEAR (score 1-3); In pullback zone (d30=0.03ATR, d50=0.31ATR); RSI=50.0 (Down); Stoch trend=Up; MACDH trend=Down; Momentum: some UP/turning; Stato BEAR -> evitare/gestire rischio"
2026-01-19,BC.MI,Brunello Cucinelli,85.1,Bear/Avoid,HOLD,,,,,"Bias: BEAR (score 0-3); Not in pullback zone (d30=3.12ATR, d50=3.04ATR); RSI=29.9 (Down); Stoch trend=Up; MACDH trend=Down; Momentum: some UP/turning; Stato BEAR -> evitare/gestire rischio"
2026-01-19,G.MI,Generali,34.77,Bear/Avoid,HOLD,,,,,"Bias: BEAR (score 1-3); In pullback zone (d30=0.13ATR, d50=0.59ATR); RSI=48.2 (Down); Stoch trend=Down; MACDH trend=Up; Momentum: some UP/turning; Confirm flags: MACDH Up; Stato BEAR -> evitare/gestire rischio"
2026-01-19,INW.MI,Inwit,7.475,Bear/Avoid,HOLD,,,,,"Bias: BEAR (score 0-4) ADX strong; Not in pullback zone (d30=2.40ATR, d50=4.49ATR); RSI=35.8 (Up); Stoch trend=Up; MACDH trend=Down; Momentum: some UP/turning; Stato BEAR -> evitare/gestire rischio"
2026-01-19,MB.MI,Mediobanca,16.965,Bear/Avoid,HOLD,,,,,"Bias: BEAR (score 1-2); Not in pullback zone (d30=1.22ATR, d50=1.17ATR); RSI=39.2 (Down); Stoch trend=Down; MACDH trend=Down; Momentum: ALL DOWN (RSI+Stoch+MACDH) -> no confirm; Stato BEAR -> evitare/gestire rischio"
2026-01-19,MONC.MI,Moncler,50.04,Bear/Avoid,HOLD,,,,,"Bias: BEAR (score 0-4) ADX strong; Not in pullback zone (d30=2.95ATR, d50=3.06ATR); RSI=24.7 (Down); Stoch trend=Up; MACDH trend=Down; Momentum: some UP/turning; Stato BEAR -> evitare/gestire rischio"
2026-01-19,NEXI.MI,Nexi,3.659,Bear/Avoid,HOLD,,,,,"Bias: BEAR (score 0-4) ADX strong; Not in pullback zone (d30=3.64ATR, d50=4.81ATR); RSI=23.7 (Down); Stoch trend=Down; MACDH trend=Down; Momentum: ALL DOWN (RSI+Stoch+MACDH) -> no confirm; Stato BEAR -> evitare/gestire rischio"
2026-01-19,RACE.MI,Ferrari,293.3,Bear/Avoid,HOLD,,,,,"Bias: BEAR (score 0-4); Not in pullback zone (d30=3.57ATR, d50=4.89ATR); RSI=27.0 (Down); Stoch trend=Down; MACDH trend=Down; Momentum: ALL DOWN (RSI+Stoch+MACDH) -> no confirm; Stato BEAR -> evitare/gestire rischio"
2026-01-19,REC.MI,Recordati,47.68,Bear/Avoid,HOLD,,,,,"Bias: BEAR (score 0-4); Not in pullback zone (d30=1.29ATR, d50=1.96ATR); RSI=41.6 (Down); Stoch trend=Down; MACDH trend=Down; Momentum: ALL DOWN (RSI+Stoch+MACDH) -> no confirm; Confirm flags: MACD>Signal; Stato BEAR -> evitare/gestire rischio"
2026-01-19,SOL-USD,Solana,133.357,Bear/Avoid,ENTER,,,,,"Bias: BEAR (score 1-3) ADX strong; Not in pullback zone (d30=0.56ATR, d50=0.87ATR); RSI=45.9 (Down); Stoch trend=Down; MACDH trend=Down; Momentum: ALL DOWN (RSI+Stoch+MACDH) -> no confirm; Stato BEAR -> evitare/gestire rischio"
2026-01-19,STLAM.MI,Stellantis Br,8.214,Bear/Avoid,HOLD,,,,,"Bias: BEAR (score 0-3); Not in pullback zone (d30=3.22ATR, d50=3.21ATR); RSI=27.8 (Down); Stoch trend=Up; MACDH trend=Down; Momentum: some UP/turning; Stato BEAR -> evitare/gestire rischio"
